gameDate,visitorsTeam,visitorsTeamPoints,homeTeam,homeTeamPoints
2021-10-19,Brooklyn Nets,104,Milwaukee Bucks,127
2021-10-19,Golden State Warriors,121,Los Angeles Lakers,114
2021-10-20,Indiana Pacers,122,Charlotte Hornets,123
2021-10-20,Chicago Bulls,94,Detroit Pistons,88
2021-10-20,Boston Celtics,134,New York Knicks,138
2021-10-20,Washington Wizards,98,Toronto Raptors,83
2021-10-20,Cleveland Cavaliers,121,Memphis Grizzlies,132
2021-10-20,Houston Rockets,106,Minnesota Timberwolves,124
2021-10-20,Philadelphia 76ers,117,New Orleans Pelicans,97
2021-10-20,Orlando Magic,97,San Antonio Spurs,123
2021-10-20,Oklahoma City Thunder,86,Utah Jazz,107
2021-10-20,Sacramento Kings,124,Portland Trail Blazers,121
2021-10-20,Denver Nuggets,110,Phoenix Suns,98
2021-10-21,Dallas Mavericks,87,Atlanta Hawks,113
2021-10-21,Milwaukee Bucks,95,Miami Heat,137
2021-10-21,Los Angeles Clippers,113,Golden State Warriors,115
2021-10-22,New York Knicks,121,Orlando Magic,96
2021-10-22,Indiana Pacers,134,Washington Wizards,135
2021-10-22,Charlotte Hornets,123,Cleveland Cavaliers,112
2021-10-22,Toronto Raptors,115,Boston Celtics,83
2021-10-22,Brooklyn Nets,114,Philadelphia 76ers,109
2021-10-22,Oklahoma City Thunder,91,Houston Rockets,124
2021-10-22,New Orleans Pelicans,112,Chicago Bulls,128
2021-10-22,San Antonio Spurs,96,Denver Nuggets,102
2021-10-22,Phoenix Suns,115,Los Angeles Lakers,105
2021-10-22,Utah Jazz,110,Sacramento Kings,101
2021-10-23,Atlanta Hawks,95,Cleveland Cavaliers,101
2021-10-23,Miami Heat,91,Indiana Pacers,102
2021-10-23,Dallas Mavericks,103,Toronto Raptors,95
2021-10-23,Detroit Pistons,82,Chicago Bulls,97
2021-10-23,New Orleans Pelicans,89,Minnesota Timberwolves,96
2021-10-23,Milwaukee Bucks,121,San Antonio Spurs,111
2021-10-23,Phoenix Suns,105,Portland Trail Blazers,134
2021-10-23,Memphis Grizzlies,120,Los Angeles Clippers,114
2021-10-24,Charlotte Hornets,111,Brooklyn Nets,95
2021-10-24,Boston Celtics,107,Houston Rockets,97
2021-10-24,Orlando Magic,110,New York Knicks,104
2021-10-24,Philadelphia 76ers,115,Oklahoma City Thunder,103
2021-10-24,Golden State Warriors,119,Sacramento Kings,107
2021-10-24,Memphis Grizzlies,118,Los Angeles Lakers,121
2021-10-25,Boston Celtics,140,Charlotte Hornets,129
2021-10-25,Milwaukee Bucks,119,Indiana Pacers,109
2021-10-25,Chicago Bulls,111,Toronto Raptors,108
2021-10-25,Orlando Magic,90,Miami Heat,107
2021-10-25,Washington Wizards,90,Brooklyn Nets,104
2021-10-25,Detroit Pistons,104,Atlanta Hawks,122
2021-10-25,New Orleans Pelicans,107,Minnesota Timberwolves,98
2021-10-25,Cleveland Cavaliers,99,Denver Nuggets,87
2021-10-25,Portland Trail Blazers,86,Los Angeles Clippers,116
2021-10-26,Philadelphia 76ers,99,New York Knicks,112
2021-10-26,Golden State Warriors,106,Oklahoma City Thunder,98
2021-10-26,Los Angeles Lakers,125,San Antonio Spurs,121
2021-10-26,Houston Rockets,106,Dallas Mavericks,116
2021-10-26,Denver Nuggets,110,Utah Jazz,122
2021-10-27,Charlotte Hornets,120,Orlando Magic,111
2021-10-27,Washington Wizards,116,Boston Celtics,107
2021-10-27,Miami Heat,106,Brooklyn Nets,93
2021-10-27,Indiana Pacers,100,Toronto Raptors,118
2021-10-27,Atlanta Hawks,102,New Orleans Pelicans,99
2021-10-27,Minnesota Timberwolves,113,Milwaukee Bucks,108
2021-10-27,Los Angeles Lakers,115,Oklahoma City Thunder,123
2021-10-27,Sacramento Kings,110,Phoenix Suns,107
2021-10-27,Memphis Grizzlies,96,Portland Trail Blazers,116
2021-10-27,Cleveland Cavaliers,92,Los Angeles Clippers,79
2021-10-28,Atlanta Hawks,111,Washington Wizards,122
2021-10-28,Detroit Pistons,102,Philadelphia 76ers,110
2021-10-28,Utah Jazz,122,Houston Rockets,91
2021-10-28,New York Knicks,104,Chicago Bulls,103
2021-10-28,San Antonio Spurs,99,Dallas Mavericks,104
2021-10-28,Memphis Grizzlies,104,Golden State Warriors,101
2021-10-29,Orlando Magic,109,Toronto Raptors,110
2021-10-29,Charlotte Hornets,99,Miami Heat,114
2021-10-29,Indiana Pacers,98,Brooklyn Nets,105
2021-10-29,Sacramento Kings,113,New Orleans Pelicans,109
2021-10-29,Dallas Mavericks,75,Denver Nuggets,106
2021-10-29,Los Angeles Clippers,92,Portland Trail Blazers,111
2021-10-29,Cleveland Cavaliers,101,Los Angeles Lakers,113
2021-10-30,Boston Celtics,112,Washington Wizards,115
2021-10-30,Orlando Magic,103,Detroit Pistons,110
2021-10-30,New York Knicks,123,New Orleans Pelicans,117
2021-10-30,Toronto Raptors,97,Indiana Pacers,94
2021-10-30,Atlanta Hawks,94,Philadelphia 76ers,122
2021-10-30,Utah Jazz,99,Chicago Bulls,107
2021-10-30,Miami Heat,129,Memphis Grizzlies,103
2021-10-30,San Antonio Spurs,102,Milwaukee Bucks,93
2021-10-30,Oklahoma City Thunder,82,Golden State Warriors,103
2021-10-30,Denver Nuggets,93,Minnesota Timberwolves,91
2021-10-30,Cleveland Cavaliers,92,Phoenix Suns,101
2021-10-31,Sacramento Kings,99,Dallas Mavericks,105
2021-10-31,Portland Trail Blazers,113,Charlotte Hornets,125
2021-10-31,Utah Jazz,107,Milwaukee Bucks,95
2021-10-31,Detroit Pistons,91,Brooklyn Nets,117
2021-10-31,Houston Rockets,85,Los Angeles Lakers,95
2022-06-02,Boston Celtics,120,Golden State Warriors,108
2022-06-05,Boston Celtics,88,Golden State Warriors,107
2022-06-08,Golden State Warriors,100,Boston Celtics,116
2022-06-10,Golden State Warriors,107,Boston Celtics,97
2022-06-13,Boston Celtics,94,Golden State Warriors,104
2022-06-16,Golden State Warriors,103,Boston Celtics,90
2022-05-01,Milwaukee Bucks,101,Boston Celtics,89
2022-05-01,Golden State Warriors,117,Memphis Grizzlies,116
2022-05-02,Philadelphia 76ers,92,Miami Heat,106
2022-05-02,Dallas Mavericks,114,Phoenix Suns,121
2022-05-03,Milwaukee Bucks,86,Boston Celtics,109
2022-05-03,Golden State Warriors,101,Memphis Grizzlies,106
2022-05-04,Philadelphia 76ers,103,Miami Heat,119
2022-05-04,Dallas Mavericks,109,Phoenix Suns,129
2022-05-06,Miami Heat,79,Philadelphia 76ers,99
2022-05-06,Phoenix Suns,94,Dallas Mavericks,103
2022-05-07,Boston Celtics,101,Milwaukee Bucks,103
2022-05-07,Memphis Grizzlies,112,Golden State Warriors,142
2022-05-08,Phoenix Suns,101,Dallas Mavericks,111
2022-05-08,Miami Heat,108,Philadelphia 76ers,116
2022-05-09,Boston Celtics,116,Milwaukee Bucks,108
2022-05-09,Memphis Grizzlies,98,Golden State Warriors,101
2022-05-10,Philadelphia 76ers,85,Miami Heat,120
2022-05-10,Dallas Mavericks,80,Phoenix Suns,110
2022-05-11,Milwaukee Bucks,110,Boston Celtics,107
2022-05-11,Golden State Warriors,95,Memphis Grizzlies,134
2022-05-12,Miami Heat,99,Philadelphia 76ers,90
2022-05-12,Phoenix Suns,86,Dallas Mavericks,113
2022-05-13,Boston Celtics,108,Milwaukee Bucks,95
2022-05-13,Memphis Grizzlies,96,Golden State Warriors,110
2022-05-15,Milwaukee Bucks,81,Boston Celtics,109
2022-05-15,Dallas Mavericks,123,Phoenix Suns,90
2022-05-17,Boston Celtics,107,Miami Heat,118
2022-05-18,Dallas Mavericks,87,Golden State Warriors,112
2022-05-19,Boston Celtics,127,Miami Heat,102
2022-05-20,Dallas Mavericks,117,Golden State Warriors,126
2022-05-21,Miami Heat,109,Boston Celtics,103
2022-05-22,Golden State Warriors,109,Dallas Mavericks,100
2022-05-23,Miami Heat,82,Boston Celtics,102
2022-05-24,Golden State Warriors,109,Dallas Mavericks,119
2022-05-25,Boston Celtics,93,Miami Heat,80
2022-05-26,Dallas Mavericks,110,Golden State Warriors,120
2022-05-27,Miami Heat,111,Boston Celtics,103
2022-05-29,Boston Celtics,100,Miami Heat,96
2022-04-01,Toronto Raptors,102,Orlando Magic,89
2022-04-01,Dallas Mavericks,103,Washington Wizards,135
2022-04-01,Indiana Pacers,123,Boston Celtics,128
2022-04-01,Sacramento Kings,122,Houston Rockets,117
2022-04-01,Phoenix Suns,114,Memphis Grizzlies,122
2022-04-01,Los Angeles Clippers,153,Milwaukee Bucks,119
2022-04-01,Detroit Pistons,110,Oklahoma City Thunder,101
2022-04-01,Portland Trail Blazers,111,San Antonio Spurs,130
2022-04-01,Minnesota Timberwolves,136,Denver Nuggets,130
2022-04-01,New Orleans Pelicans,114,Los Angeles Lakers,111
2022-04-02,Charlotte Hornets,114,Philadelphia 76ers,144
2022-04-02,Cleveland Cavaliers,119,New York Knicks,101
2022-04-02,Brooklyn Nets,115,Atlanta Hawks,122
2022-04-02,Miami Heat,127,Chicago Bulls,109
2022-04-02,Utah Jazz,107,Golden State Warriors,111
2022-04-03,Washington Wizards,102,Boston Celtics,144
2022-04-03,Dallas Mavericks,118,Milwaukee Bucks,112
2022-04-03,Denver Nuggets,129,Los Angeles Lakers,118
2022-04-03,Detroit Pistons,121,Indiana Pacers,117
2022-04-03,Philadelphia 76ers,112,Cleveland Cavaliers,108
2022-04-03,New York Knicks,118,Orlando Magic,88
2022-04-03,Minnesota Timberwolves,139,Houston Rockets,132
2022-04-03,Phoenix Suns,96,Oklahoma City Thunder,117
2022-04-03,Portland Trail Blazers,92,San Antonio Spurs,113
2022-04-03,Miami Heat,114,Toronto Raptors,109
2022-04-03,Golden State Warriors,109,Sacramento Kings,90
2022-04-03,New Orleans Pelicans,100,Los Angeles Clippers,119
2022-04-05,Philadelphia 76ers,131,Indiana Pacers,122
2022-04-05,Cleveland Cavaliers,115,Orlando Magic,120
2022-04-05,Houston Rockets,105,Brooklyn Nets,118
2022-04-05,Charlotte Hornets,115,Miami Heat,144
2022-04-05,Atlanta Hawks,108,Toronto Raptors,118
2022-04-05,Milwaukee Bucks,127,Chicago Bulls,106
2022-04-05,Washington Wizards,132,Minnesota Timberwolves,114
2022-04-05,Portland Trail Blazers,94,Oklahoma City Thunder,98
2022-04-05,San Antonio Spurs,116,Denver Nuggets,97
2022-04-05,Memphis Grizzlies,115,Utah Jazz,121
2022-04-05,New Orleans Pelicans,123,Sacramento Kings,109
2022-04-05,Los Angeles Lakers,110,Phoenix Suns,121
2022-04-06,Dallas Mavericks,131,Detroit Pistons,113
2022-04-06,Brooklyn Nets,110,New York Knicks,98
2022-04-06,Washington Wizards,103,Atlanta Hawks,118
2022-04-06,Boston Celtics,117,Chicago Bulls,94
2022-04-06,Oklahoma City Thunder,101,Utah Jazz,137
2022-04-06,Phoenix Suns,109,Los Angeles Clippers,113
2022-04-07,Orlando Magic,101,Charlotte Hornets,128
2022-04-07,Boston Celtics,121,Milwaukee Bucks,127
2022-04-07,Philadelphia 76ers,114,Toronto Raptors,119
2022-04-07,San Antonio Spurs,121,Minnesota Timberwolves,127
2022-04-07,Portland Trail Blazers,94,New Orleans Pelicans,127
2022-04-07,Memphis Grizzlies,109,Denver Nuggets,122
2022-04-07,Los Angeles Lakers,112,Golden State Warriors,128
2022-04-08,Milwaukee Bucks,131,Detroit Pistons,101
2022-04-08,New York Knicks,114,Washington Wizards,92
2022-04-08,Cleveland Cavaliers,107,Brooklyn Nets,118
2022-04-08,Houston Rockets,115,Toronto Raptors,117
2022-04-08,Charlotte Hornets,133,Chicago Bulls,117
2022-04-08,Atlanta Hawks,109,Miami Heat,113
2022-04-08,Portland Trail Blazers,78,Dallas Mavericks,128
2022-04-08,Phoenix Suns,111,Utah Jazz,105
2022-04-08,Oklahoma City Thunder,101,Los Angeles Lakers,120
2022-04-09,Indiana Pacers,120,Philadelphia 76ers,133
2022-04-09,New Orleans Pelicans,114,Memphis Grizzlies,141
2022-04-09,Golden State Warriors,100,San Antonio Spurs,94
2022-04-09,Sacramento Kings,98,Los Angeles Clippers,117
2022-04-10,Indiana Pacers,126,Brooklyn Nets,134
2022-04-10,Washington Wizards,108,Charlotte Hornets,124
2022-04-10,Milwaukee Bucks,115,Cleveland Cavaliers,133
2022-04-10,Atlanta Hawks,130,Houston Rockets,114
2022-04-10,Boston Celtics,139,Memphis Grizzlies,110
2022-04-10,Toronto Raptors,94,New York Knicks,105
2022-04-10,Miami Heat,111,Orlando Magic,125
2022-04-10,Detroit Pistons,106,Philadelphia 76ers,118
2022-04-10,Chicago Bulls,124,Minnesota Timberwolves,120
2022-04-10,San Antonio Spurs,120,Dallas Mavericks,130
2022-04-10,Los Angeles Lakers,146,Denver Nuggets,141
2022-04-10,Oklahoma City Thunder,88,Los Angeles Clippers,138
2022-04-10,Golden State Warriors,128,New Orleans Pelicans,107
2022-04-10,Sacramento Kings,116,Phoenix Suns,109
2022-04-10,Utah Jazz,111,Portland Trail Blazers,80
2022-04-12,Cleveland Cavaliers,108,Brooklyn Nets,115
2022-04-12,Los Angeles Clippers,104,Minnesota Timberwolves,109
2022-04-13,Charlotte Hornets,103,Atlanta Hawks,132
2022-04-13,San Antonio Spurs,103,New Orleans Pelicans,113
2022-04-15,Atlanta Hawks,107,Cleveland Cavaliers,101
2022-04-15,New Orleans Pelicans,105,Los Angeles Clippers,101
2022-04-16,Utah Jazz,99,Dallas Mavericks,93
2022-04-16,Minnesota Timberwolves,130,Memphis Grizzlies,117
2022-04-16,Toronto Raptors,111,Philadelphia 76ers,131
2022-04-16,Denver Nuggets,107,Golden State Warriors,123
2022-04-17,Atlanta Hawks,91,Miami Heat,115
2022-04-17,Brooklyn Nets,114,Boston Celtics,115
2022-04-17,Chicago Bulls,86,Milwaukee Bucks,93
2022-04-17,New Orleans Pelicans,99,Phoenix Suns,110
2022-04-18,Toronto Raptors,97,Philadelphia 76ers,112
2022-04-18,Utah Jazz,104,Dallas Mavericks,110
2022-04-18,Denver Nuggets,106,Golden State Warriors,126
2022-04-19,Atlanta Hawks,105,Miami Heat,115
2022-04-19,Minnesota Timberwolves,96,Memphis Grizzlies,124
2022-04-19,New Orleans Pelicans,125,Phoenix Suns,114
2022-04-20,Brooklyn Nets,107,Boston Celtics,114
2022-04-20,Philadelphia 76ers,104,Toronto Raptors,101
2022-04-20,Chicago Bulls,114,Milwaukee Bucks,110
2022-04-21,Memphis Grizzlies,104,Minnesota Timberwolves,95
2022-04-21,Dallas Mavericks,126,Utah Jazz,118
2022-04-21,Golden State Warriors,118,Denver Nuggets,113
2022-04-22,Miami Heat,110,Atlanta Hawks,111
2022-04-22,Milwaukee Bucks,111,Chicago Bulls,81
2022-04-22,Phoenix Suns,114,New Orleans Pelicans,111
2022-04-23,Philadelphia 76ers,102,Toronto Raptors,110
2022-04-23,Dallas Mavericks,99,Utah Jazz,100
2022-04-23,Boston Celtics,109,Brooklyn Nets,103
2022-04-23,Memphis Grizzlies,118,Minnesota Timberwolves,119
2022-04-24,Milwaukee Bucks,119,Chicago Bulls,95
2022-04-24,Golden State Warriors,121,Denver Nuggets,126
2022-04-24,Miami Heat,110,Atlanta Hawks,86
2022-04-24,Phoenix Suns,103,New Orleans Pelicans,118
2022-04-25,Boston Celtics,116,Brooklyn Nets,112
2022-04-25,Toronto Raptors,103,Philadelphia 76ers,88
2022-04-25,Utah Jazz,77,Dallas Mavericks,102
2022-04-26,Atlanta Hawks,94,Miami Heat,97
2022-04-26,Minnesota Timberwolves,109,Memphis Grizzlies,111
2022-04-26,New Orleans Pelicans,97,Phoenix Suns,112
2022-04-27,Chicago Bulls,100,Milwaukee Bucks,116
2022-04-27,Denver Nuggets,98,Golden State Warriors,102
2022-04-28,Philadelphia 76ers,132,Toronto Raptors,97
2022-04-28,Phoenix Suns,115,New Orleans Pelicans,109
2022-04-28,Dallas Mavericks,98,Utah Jazz,96
2022-04-29,Memphis Grizzlies,114,Minnesota Timberwolves,106
2022-03-01,Detroit Pistons,113,Washington Wizards,116
2022-03-01,Atlanta Hawks,98,Boston Celtics,107
2022-03-01,Brooklyn Nets,108,Toronto Raptors,109
2022-03-01,Los Angeles Clippers,113,Houston Rockets,100
2022-03-01,Golden State Warriors,114,Minnesota Timberwolves,129
2022-03-01,Dallas Mavericks,109,Los Angeles Lakers,104
2022-03-02,Charlotte Hornets,119,Cleveland Cavaliers,98
2022-03-02,Indiana Pacers,122,Orlando Magic,114
2022-03-02,New York Knicks,108,Philadelphia 76ers,123
2022-03-02,Utah Jazz,132,Houston Rockets,127
2022-03-02,Miami Heat,119,Milwaukee Bucks,120
2022-03-02,Sacramento Kings,95,New Orleans Pelicans,125
2022-03-02,Oklahoma City Thunder,119,Denver Nuggets,107
2022-03-02,Portland Trail Blazers,90,Phoenix Suns,120
2022-03-03,Chicago Bulls,124,Atlanta Hawks,130
2022-03-03,Memphis Grizzlies,107,Boston Celtics,120
2022-03-03,Miami Heat,113,Brooklyn Nets,107
2022-03-03,Detroit Pistons,108,Toronto Raptors,106
2022-03-03,Golden State Warriors,113,Dallas Mavericks,122
2022-03-03,Sacramento Kings,115,San Antonio Spurs,112
2022-03-03,Los Angeles Lakers,111,Los Angeles Clippers,132
2022-03-04,Indiana Pacers,106,Detroit Pistons,111
2022-03-04,Cleveland Cavaliers,119,Philadelphia 76ers,125
2022-03-04,Atlanta Hawks,117,Washington Wizards,114
2022-03-04,Milwaukee Bucks,118,Chicago Bulls,112
2022-03-04,Orlando Magic,103,Toronto Raptors,97
2022-03-04,Utah Jazz,90,New Orleans Pelicans,124
2022-03-04,Minnesota Timberwolves,138,Oklahoma City Thunder,101
2022-03-04,Houston Rockets,101,Denver Nuggets,116
2022-03-04,New York Knicks,114,Phoenix Suns,115
2022-03-05,Sacramento Kings,113,Dallas Mavericks,114
2022-03-05,San Antonio Spurs,117,Charlotte Hornets,123
2022-03-05,Orlando Magic,96,Memphis Grizzlies,124
2022-03-05,Philadelphia 76ers,82,Miami Heat,99
2022-03-05,Portland Trail Blazers,121,Minnesota Timberwolves,135
2022-03-05,Golden State Warriors,116,Los Angeles Lakers,124
2022-03-06,Brooklyn Nets,120,Boston Celtics,126
2022-03-06,Phoenix Suns,122,Milwaukee Bucks,132
2022-03-06,Indiana Pacers,123,Washington Wizards,133
2022-03-06,Memphis Grizzlies,112,Houston Rockets,123
2022-03-06,Utah Jazz,116,Oklahoma City Thunder,103
2022-03-06,Toronto Raptors,96,Cleveland Cavaliers,104
2022-03-06,New Orleans Pelicans,130,Denver Nuggets,138
2022-03-06,New York Knicks,116,Los Angeles Clippers,93
2022-03-07,Atlanta Hawks,110,Detroit Pistons,113
2022-03-07,Chicago Bulls,106,Philadelphia 76ers,121
2022-03-07,Houston Rockets,106,Miami Heat,123
2022-03-07,Portland Trail Blazers,81,Minnesota Timberwolves,124
2022-03-07,Utah Jazz,103,Dallas Mavericks,111
2022-03-07,Los Angeles Lakers,110,San Antonio Spurs,117
2022-03-07,Golden State Warriors,124,Denver Nuggets,131
2022-03-07,New York Knicks,131,Sacramento Kings,115
2022-03-08,Brooklyn Nets,132,Charlotte Hornets,121
2022-03-08,Cleveland Cavaliers,127,Indiana Pacers,124
2022-03-08,Phoenix Suns,102,Orlando Magic,99
2022-03-08,New Orleans Pelicans,111,Memphis Grizzlies,132
2022-03-08,Milwaukee Bucks,142,Oklahoma City Thunder,115
2022-03-08,Los Angeles Clippers,97,Golden State Warriors,112
2022-03-09,Boston Celtics,115,Charlotte Hornets,101
2022-03-09,Chicago Bulls,114,Detroit Pistons,108
2022-03-09,Phoenix Suns,111,Miami Heat,90
2022-03-09,Los Angeles Lakers,130,Houston Rockets,139
2022-03-09,Atlanta Hawks,115,Milwaukee Bucks,124
2022-03-09,Oklahoma City Thunder,102,Minnesota Timberwolves,132
2022-03-09,Orlando Magic,108,New Orleans Pelicans,102
2022-03-09,New York Knicks,107,Dallas Mavericks,77
2022-03-09,Toronto Raptors,119,San Antonio Spurs,104
2022-03-09,Denver Nuggets,106,Sacramento Kings,100
2022-03-09,Portland Trail Blazers,85,Utah Jazz,123
2022-03-09,Washington Wizards,109,Los Angeles Clippers,115
2022-03-10,Brooklyn Nets,129,Philadelphia 76ers,100
2022-03-10,Golden State Warriors,113,Denver Nuggets,102
2022-03-11,Minnesota Timberwolves,110,Orlando Magic,118
2022-03-11,Los Angeles Clippers,106,Atlanta Hawks,112
2022-03-11,Detroit Pistons,103,Boston Celtics,114
2022-03-11,Dallas Mavericks,113,Houston Rockets,100
2022-03-11,New York Knicks,114,Memphis Grizzlies,118
2022-03-11,Cleveland Cavaliers,105,Miami Heat,117
2022-03-11,Charlotte Hornets,142,New Orleans Pelicans,120
2022-03-11,Utah Jazz,102,San Antonio Spurs,104
2022-03-11,Toronto Raptors,117,Phoenix Suns,112
2022-03-11,Washington Wizards,109,Los Angeles Lakers,122
2022-03-12,Cleveland Cavaliers,91,Chicago Bulls,101
2022-03-12,Minnesota Timberwolves,113,Miami Heat,104
2022-03-12,Indiana Pacers,119,San Antonio Spurs,108
2022-03-12,Milwaukee Bucks,109,Golden State Warriors,122
2022-03-12,Toronto Raptors,127,Denver Nuggets,115
2022-03-12,Sacramento Kings,125,Utah Jazz,134
2022-03-12,Washington Wizards,118,Portland Trail Blazers,127
2022-03-13,New York Knicks,107,Brooklyn Nets,110
2022-03-13,Los Angeles Clippers,106,Detroit Pistons,102
2022-03-13,Dallas Mavericks,95,Boston Celtics,92
2022-03-13,Philadelphia 76ers,116,Orlando Magic,114
2022-03-13,Indiana Pacers,128,Atlanta Hawks,131
2022-03-13,Houston Rockets,105,New Orleans Pelicans,130
2022-03-13,Memphis Grizzlies,125,Oklahoma City Thunder,118
2022-03-13,Los Angeles Lakers,111,Phoenix Suns,140
2022-03-14,Los Angeles Clippers,111,Cleveland Cavaliers,120
2022-03-14,Portland Trail Blazers,113,Atlanta Hawks,122
2022-03-14,Denver Nuggets,114,Philadelphia 76ers,110
2022-03-14,Charlotte Hornets,134,Oklahoma City Thunder,116
2022-03-14,Minnesota Timberwolves,149,San Antonio Spurs,139
2022-03-14,Washington Wizards,112,Golden State Warriors,126
2022-03-14,Chicago Bulls,103,Sacramento Kings,112
2022-03-14,Milwaukee Bucks,117,Utah Jazz,111
2022-03-14,Toronto Raptors,114,Los Angeles Lakers,103
2022-03-15,Memphis Grizzlies,135,Indiana Pacers,102
2022-03-15,Brooklyn Nets,150,Orlando Magic,108
2022-03-15,Detroit Pistons,98,Miami Heat,105
2022-03-15,Phoenix Suns,131,New Orleans Pelicans,115
2022-03-16,Atlanta Hawks,106,Charlotte Hornets,116
2022-03-16,Philadelphia 76ers,118,Cleveland Cavaliers,114
2022-03-16,Denver Nuggets,127,Washington Wizards,109
2022-03-16,Dallas Mavericks,113,Brooklyn Nets,111
2022-03-16,Portland Trail Blazers,98,New York Knicks,128
2022-03-16,Phoenix Suns,129,Houston Rockets,112
2022-03-16,Los Angeles Lakers,104,Minnesota Timberwolves,124
2022-03-16,Oklahoma City Thunder,120,San Antonio Spurs,122
2022-03-16,Chicago Bulls,110,Utah Jazz,125
2022-03-16,Boston Celtics,110,Golden State Warriors,88
2022-03-16,Milwaukee Bucks,135,Sacramento Kings,126
2022-03-16,Toronto Raptors,103,Los Angeles Clippers,100
2022-03-17,Detroit Pistons,134,Orlando Magic,120
2022-03-18,Dallas Mavericks,101,Philadelphia 76ers,111
2022-03-18,Memphis Grizzlies,105,Atlanta Hawks,120
2022-03-18,Portland Trail Blazers,123,Brooklyn Nets,128
2022-03-18,Denver Nuggets,116,Cleveland Cavaliers,119
2022-03-18,Washington Wizards,97,New York Knicks,100
2022-03-18,Los Angeles Lakers,128,Toronto Raptors,123
2022-03-18,Indiana Pacers,121,Houston Rockets,118
2022-03-18,Oklahoma City Thunder,108,Miami Heat,120
2022-03-18,New Orleans Pelicans,124,San Antonio Spurs,91
2022-03-18,Los Angeles Clippers,92,Utah Jazz,121
2022-03-18,Chicago Bulls,102,Phoenix Suns,129
2022-03-18,Boston Celtics,126,Sacramento Kings,97
2022-03-19,Milwaukee Bucks,119,Minnesota Timberwolves,138
2022-03-19,Dallas Mavericks,108,Charlotte Hornets,129
2022-03-19,Detroit Pistons,109,Cleveland Cavaliers,113
2022-03-19,Los Angeles Lakers,119,Washington Wizards,127
2022-03-20,Memphis Grizzlies,122,Houston Rockets,98
2022-03-20,Portland Trail Blazers,98,Indiana Pacers,129
2022-03-20,New Orleans Pelicans,117,Atlanta Hawks,112
2022-03-20,Oklahoma City Thunder,85,Orlando Magic,90
2022-03-20,Phoenix Suns,127,Sacramento Kings,124
2022-03-20,Utah Jazz,108,New York Knicks,93
2022-03-20,Boston Celtics,124,Denver Nuggets,104
2022-03-20,San Antonio Spurs,110,Golden State Warriors,108
2022-03-20,Toronto Raptors,93,Philadelphia 76ers,88
2022-03-21,New Orleans Pelicans,103,Charlotte Hornets,106
2022-03-21,Los Angeles Lakers,131,Cleveland Cavaliers,120
2022-03-21,Portland Trail Blazers,119,Detroit Pistons,115
2022-03-21,Utah Jazz,106,Brooklyn Nets,114
2022-03-21,Miami Heat,106,Philadelphia 76ers,113
2022-03-21,Toronto Raptors,99,Chicago Bulls,113
2022-03-21,Washington Wizards,97,Houston Rockets,115
2022-03-21,Boston Celtics,132,Oklahoma City Thunder,123
2022-03-21,Minnesota Timberwolves,108,Dallas Mavericks,110
2022-03-22,Golden State Warriors,90,Orlando Magic,94
2022-03-22,Atlanta Hawks,117,New York Knicks,111
2022-03-22,Chicago Bulls,98,Milwaukee Bucks,126
2022-03-22,Los Angeles Clippers,115,Denver Nuggets,127
2022-03-23,New York Knicks,121,Charlotte Hornets,106
2022-03-23,Atlanta Hawks,101,Detroit Pistons,122
2022-03-23,Sacramento Kings,110,Indiana Pacers,109
2022-03-23,Utah Jazz,97,Boston Celtics,125
2022-03-23,Brooklyn Nets,120,Memphis Grizzlies,132
2022-03-23,Golden State Warriors,118,Miami Heat,104
2022-03-23,Phoenix Suns,125,Minnesota Timberwolves,116
2022-03-23,Orlando Magic,102,Oklahoma City Thunder,118
2022-03-23,Houston Rockets,91,Dallas Mavericks,110
2022-03-23,Philadelphia 76ers,126,Los Angeles Lakers,121
2022-03-23,San Antonio Spurs,133,Portland Trail Blazers,96
2022-03-24,Cleveland Cavaliers,104,Toronto Raptors,117
2022-03-24,Indiana Pacers,103,Memphis Grizzlies,133
2022-03-24,Washington Wizards,102,Milwaukee Bucks,114
2022-03-24,Chicago Bulls,109,New Orleans Pelicans,126
2022-03-24,Phoenix Suns,140,Denver Nuggets,130
2022-03-25,Utah Jazz,101,Charlotte Hornets,107
2022-03-25,Washington Wizards,100,Detroit Pistons,97
2022-03-25,Golden State Warriors,110,Atlanta Hawks,121
2022-03-25,New York Knicks,111,Miami Heat,103
2022-03-25,Dallas Mavericks,95,Minnesota Timberwolves,116
2022-03-25,Houston Rockets,125,Portland Trail Blazers,106
2022-03-25,Philadelphia 76ers,122,Los Angeles Clippers,97
2022-03-26,San Antonio Spurs,107,New Orleans Pelicans,103
2022-03-26,Sacramento Kings,114,Orlando Magic,110
2022-03-26,Indiana Pacers,91,Toronto Raptors,131
2022-03-26,Chicago Bulls,98,Cleveland Cavaliers,94
2022-03-26,Milwaukee Bucks,102,Memphis Grizzlies,127
2022-03-26,Brooklyn Nets,110,Miami Heat,95
2022-03-26,Oklahoma City Thunder,107,Denver Nuggets,113
2022-03-26,Houston Rockets,115,Portland Trail Blazers,98
2022-03-27,New York Knicks,104,Detroit Pistons,102
2022-03-27,Minnesota Timberwolves,112,Boston Celtics,134
2022-03-27,Philadelphia 76ers,104,Phoenix Suns,114
2022-03-27,Golden State Warriors,115,Washington Wizards,123
2022-03-27,Los Angeles Lakers,108,New Orleans Pelicans,116
2022-03-27,Charlotte Hornets,119,Brooklyn Nets,110
2022-03-27,Utah Jazz,100,Dallas Mavericks,114
2022-03-28,Denver Nuggets,113,Charlotte Hornets,109
2022-03-28,Orlando Magic,101,Cleveland Cavaliers,107
2022-03-28,Atlanta Hawks,132,Indiana Pacers,123
2022-03-28,Sacramento Kings,100,Miami Heat,123
2022-03-28,Chicago Bulls,104,New York Knicks,109
2022-03-28,Boston Celtics,112,Toronto Raptors,115
2022-03-28,San Antonio Spurs,123,Houston Rockets,120
2022-03-28,Golden State Warriors,95,Memphis Grizzlies,123
2022-03-28,Oklahoma City Thunder,134,Portland Trail Blazers,131
2022-03-29,Milwaukee Bucks,118,Philadelphia 76ers,116
2022-03-29,Chicago Bulls,107,Washington Wizards,94
2022-03-29,Detroit Pistons,123,Brooklyn Nets,130
2022-03-29,Los Angeles Lakers,110,Dallas Mavericks,128
2022-03-29,Utah Jazz,115,Los Angeles Clippers,121
2022-03-30,Dallas Mavericks,120,Cleveland Cavaliers,112
2022-03-30,Denver Nuggets,125,Indiana Pacers,118
2022-03-30,Orlando Magic,110,Washington Wizards,127
2022-03-30,Miami Heat,106,Boston Celtics,98
2022-03-30,Charlotte Hornets,125,New York Knicks,114
2022-03-30,Minnesota Timberwolves,102,Toronto Raptors,125
2022-03-30,Sacramento Kings,121,Houston Rockets,118
2022-03-30,Atlanta Hawks,136,Oklahoma City Thunder,118
2022-03-30,Memphis Grizzlies,112,San Antonio Spurs,111
2022-03-30,Phoenix Suns,107,Golden State Warriors,103
2022-03-30,New Orleans Pelicans,117,Portland Trail Blazers,107
2022-03-31,Philadelphia 76ers,94,Detroit Pistons,102
2022-03-31,Cleveland Cavaliers,107,Atlanta Hawks,131
2022-03-31,Milwaukee Bucks,120,Brooklyn Nets,119
2022-03-31,Los Angeles Clippers,130,Chicago Bulls,135
2022-03-31,Los Angeles Lakers,109,Utah Jazz,122
2022-02-01,New Orleans Pelicans,111,Detroit Pistons,101
2022-02-01,Washington Wizards,98,Milwaukee Bucks,112
2022-02-01,Miami Heat,106,Toronto Raptors,110
2022-02-01,Orlando Magic,115,Chicago Bulls,126
2022-02-01,Denver Nuggets,115,Minnesota Timberwolves,130
2022-02-01,Golden State Warriors,124,San Antonio Spurs,120
2022-02-01,Brooklyn Nets,111,Phoenix Suns,121
2022-02-02,Orlando Magic,119,Indiana Pacers,118
2022-02-02,Washington Wizards,106,Philadelphia 76ers,103
2022-02-02,Charlotte Hornets,107,Boston Celtics,113
2022-02-02,Memphis Grizzlies,120,New York Knicks,108
2022-02-02,Cleveland Cavaliers,104,Houston Rockets,115
2022-02-02,Oklahoma City Thunder,120,Dallas Mavericks,114
2022-02-02,Brooklyn Nets,101,Sacramento Kings,112
2022-02-02,Denver Nuggets,104,Utah Jazz,108
2022-02-02,Portland Trail Blazers,94,Los Angeles Lakers,99
2022-02-03,Minnesota Timberwolves,128,Detroit Pistons,117
2022-02-03,Miami Heat,112,San Antonio Spurs,95
2022-02-03,Phoenix Suns,115,Atlanta Hawks,124
2022-02-03,Chicago Bulls,120,Toronto Raptors,127
2022-02-03,Sacramento Kings,114,Golden State Warriors,126
2022-02-03,Los Angeles Lakers,110,Los Angeles Clippers,111
2022-02-04,Cleveland Cavaliers,102,Charlotte Hornets,101
2022-02-04,Boston Celtics,102,Detroit Pistons,93
2022-02-04,Chicago Bulls,122,Indiana Pacers,115
2022-02-04,Atlanta Hawks,114,Toronto Raptors,125
2022-02-04,Houston Rockets,106,San Antonio Spurs,131
2022-02-04,New Orleans Pelicans,113,Denver Nuggets,105
2022-02-04,Brooklyn Nets,102,Utah Jazz,125
2022-02-04,Philadelphia 76ers,98,Dallas Mavericks,107
2022-02-04,Oklahoma City Thunder,96,Portland Trail Blazers,93
2022-02-05,Memphis Grizzlies,135,Orlando Magic,115
2022-02-05,Miami Heat,104,Charlotte Hornets,86
2022-02-05,Phoenix Suns,95,Washington Wizards,80
2022-02-05,New York Knicks,115,Los Angeles Lakers,122
2022-02-05,Milwaukee Bucks,137,Portland Trail Blazers,108
2022-02-05,Oklahoma City Thunder,103,Sacramento Kings,113
2022-02-06,Philadelphia 76ers,119,Chicago Bulls,108
2022-02-06,Brooklyn Nets,104,Denver Nuggets,124
2022-02-06,Detroit Pistons,105,Minnesota Timberwolves,118
2022-02-06,Indiana Pacers,85,Cleveland Cavaliers,98
2022-02-06,Atlanta Hawks,94,Dallas Mavericks,103
2022-02-06,Boston Celtics,116,Orlando Magic,83
2022-02-06,New Orleans Pelicans,120,Houston Rockets,107
2022-02-06,Milwaukee Bucks,137,Los Angeles Clippers,113
2022-02-07,Toronto Raptors,116,Charlotte Hornets,101
2022-02-07,Miami Heat,121,Washington Wizards,100
2022-02-07,Phoenix Suns,127,Chicago Bulls,124
2022-02-07,Golden State Warriors,110,Oklahoma City Thunder,98
2022-02-07,New York Knicks,104,Utah Jazz,113
2022-02-08,Phoenix Suns,114,Philadelphia 76ers,109
2022-02-08,Indiana Pacers,112,Atlanta Hawks,133
2022-02-08,Boston Celtics,126,Brooklyn Nets,91
2022-02-08,Los Angeles Clippers,109,Memphis Grizzlies,135
2022-02-08,Houston Rockets,97,New Orleans Pelicans,110
2022-02-08,Detroit Pistons,86,Dallas Mavericks,116
2022-02-08,New York Knicks,115,Denver Nuggets,132
2022-02-08,Milwaukee Bucks,131,Los Angeles Lakers,116
2022-02-08,Orlando Magic,113,Portland Trail Blazers,95
2022-02-08,Minnesota Timberwolves,134,Sacramento Kings,114
2022-02-09,San Antonio Spurs,92,Cleveland Cavaliers,105
2022-02-09,Chicago Bulls,121,Charlotte Hornets,109
2022-02-09,Toronto Raptors,117,Oklahoma City Thunder,98
2022-02-09,Los Angeles Lakers,105,Portland Trail Blazers,107
2022-02-09,Minnesota Timberwolves,119,Sacramento Kings,132
2022-02-09,Golden State Warriors,85,Utah Jazz,111
2022-02-10,Memphis Grizzlies,132,Detroit Pistons,107
2022-02-10,Miami Heat,112,New Orleans Pelicans,97
2022-02-10,Brooklyn Nets,112,Washington Wizards,113
2022-02-10,Toronto Raptors,139,Houston Rockets,120
2022-02-10,Los Angeles Clippers,105,Dallas Mavericks,112
2022-02-10,New York Knicks,116,Golden State Warriors,114
2022-02-10,Milwaukee Bucks,107,Phoenix Suns,131
2022-02-11,Charlotte Hornets,141,Detroit Pistons,119
2022-02-11,Cleveland Cavaliers,120,Indiana Pacers,113
2022-02-11,Oklahoma City Thunder,87,Philadelphia 76ers,100
2022-02-11,San Antonio Spurs,136,Atlanta Hawks,121
2022-02-11,Denver Nuggets,102,Boston Celtics,108
2022-02-11,Minnesota Timberwolves,122,Chicago Bulls,134
2022-02-11,Orlando Magic,99,Utah Jazz,114
2022-02-12,New York Knicks,103,Portland Trail Blazers,112
2022-02-12,Memphis Grizzlies,125,Charlotte Hornets,118
2022-02-12,San Antonio Spurs,124,New Orleans Pelicans,114
2022-02-12,Sacramento Kings,123,Washington Wizards,110
2022-02-12,Cleveland Cavaliers,93,Philadelphia 76ers,103
2022-02-12,Denver Nuggets,110,Toronto Raptors,109
2022-02-12,Oklahoma City Thunder,101,Chicago Bulls,106
2022-02-12,Brooklyn Nets,111,Miami Heat,115
2022-02-12,Los Angeles Clippers,99,Dallas Mavericks,97
2022-02-12,Los Angeles Lakers,115,Golden State Warriors,117
2022-02-12,Orlando Magic,105,Phoenix Suns,132
2022-02-13,Atlanta Hawks,95,Boston Celtics,105
2022-02-13,Minnesota Timberwolves,129,Indiana Pacers,120
2022-02-14,Detroit Pistons,94,Washington Wizards,103
2022-02-14,Sacramento Kings,85,Brooklyn Nets,109
2022-02-14,Oklahoma City Thunder,127,New York Knicks,123
2022-02-14,San Antonio Spurs,109,Chicago Bulls,120
2022-02-14,Portland Trail Blazers,122,Milwaukee Bucks,107
2022-02-14,Toronto Raptors,90,New Orleans Pelicans,120
2022-02-14,Orlando Magic,111,Denver Nuggets,121
2022-02-14,Houston Rockets,101,Utah Jazz,135
2022-02-14,Golden State Warriors,104,Los Angeles Clippers,119
2022-02-15,Cleveland Cavaliers,116,Atlanta Hawks,124
2022-02-15,Dallas Mavericks,107,Miami Heat,99
2022-02-15,Boston Celtics,135,Philadelphia 76ers,87
2022-02-15,Indiana Pacers,119,Milwaukee Bucks,128
2022-02-15,Charlotte Hornets,120,Minnesota Timberwolves,126
2022-02-15,Memphis Grizzlies,121,New Orleans Pelicans,109
2022-02-15,Los Angeles Clippers,96,Phoenix Suns,103
2022-02-16,Atlanta Hawks,130,Orlando Magic,109
2022-02-16,Detroit Pistons,112,Boston Celtics,111
2022-02-16,Washington Wizards,108,Indiana Pacers,113
2022-02-16,Brooklyn Nets,111,New York Knicks,106
2022-02-16,Sacramento Kings,118,Chicago Bulls,125
2022-02-16,Portland Trail Blazers,123,Memphis Grizzlies,119
2022-02-16,Toronto Raptors,103,Minnesota Timberwolves,91
2022-02-16,San Antonio Spurs,114,Oklahoma City Thunder,106
2022-02-16,Houston Rockets,121,Phoenix Suns,124
2022-02-16,Denver Nuggets,117,Golden State Warriors,116
2022-02-16,Utah Jazz,101,Los Angeles Lakers,106
2022-02-17,Miami Heat,111,Charlotte Hornets,107
2022-02-17,Washington Wizards,117,Brooklyn Nets,103
2022-02-17,Dallas Mavericks,125,New Orleans Pelicans,118
2022-02-17,Philadelphia 76ers,123,Milwaukee Bucks,120
2022-02-17,Houston Rockets,111,Los Angeles Clippers,142
2022-02-24,Cleveland Cavaliers,103,Detroit Pistons,106
2022-02-24,Boston Celtics,129,Brooklyn Nets,106
2022-02-24,Atlanta Hawks,108,Chicago Bulls,112
2022-02-24,Memphis Grizzlies,114,Minnesota Timberwolves,119
2022-02-24,Phoenix Suns,124,Oklahoma City Thunder,104
2022-02-24,Golden State Warriors,132,Portland Trail Blazers,95
2022-02-24,Denver Nuggets,128,Sacramento Kings,110
2022-02-25,Toronto Raptors,93,Charlotte Hornets,125
2022-02-25,Oklahoma City Thunder,129,Indiana Pacers,125
2022-02-25,Houston Rockets,111,Orlando Magic,119
2022-02-25,San Antonio Spurs,157,Washington Wizards,153
2022-02-25,Miami Heat,115,New York Knicks,100
2022-02-25,Philadelphia 76ers,133,Minnesota Timberwolves,102
2022-02-25,New Orleans Pelicans,117,Phoenix Suns,102
2022-02-25,Dallas Mavericks,109,Utah Jazz,114
2022-02-25,Los Angeles Clippers,105,Los Angeles Lakers,102
2022-02-26,Boston Celtics,113,Detroit Pistons,104
2022-02-26,Toronto Raptors,100,Atlanta Hawks,127
2022-02-26,Memphis Grizzlies,116,Chicago Bulls,110
2022-02-26,Washington Wizards,86,Cleveland Cavaliers,92
2022-02-26,San Antonio Spurs,129,Miami Heat,133
2022-02-26,Brooklyn Nets,126,Milwaukee Bucks,123
2022-02-26,Sacramento Kings,110,Denver Nuggets,115
2022-02-27,Philadelphia 76ers,125,New York Knicks,109
2022-02-27,Utah Jazz,118,Phoenix Suns,114
2022-02-27,Boston Celtics,107,Indiana Pacers,128
2022-02-27,Detroit Pistons,127,Charlotte Hornets,126
2022-02-27,Los Angeles Clippers,99,Houston Rockets,98
2022-02-27,Dallas Mavericks,107,Golden State Warriors,101
2022-02-27,Denver Nuggets,124,Portland Trail Blazers,92
2022-02-27,New Orleans Pelicans,123,Los Angeles Lakers,95
2022-02-28,Minnesota Timberwolves,127,Cleveland Cavaliers,122
2022-02-28,Indiana Pacers,103,Orlando Magic,119
2022-02-28,Toronto Raptors,133,Brooklyn Nets,97
2022-02-28,Chicago Bulls,99,Miami Heat,112
2022-02-28,San Antonio Spurs,105,Memphis Grizzlies,118
2022-02-28,Charlotte Hornets,106,Milwaukee Bucks,130
2022-02-28,Sacramento Kings,131,Oklahoma City Thunder,110
2022-01-01,New Orleans Pelicans,113,Milwaukee Bucks,136
2022-01-01,San Antonio Spurs,116,Detroit Pistons,117
2022-01-01,Chicago Bulls,120,Washington Wizards,119
2022-01-01,Los Angeles Clippers,120,Brooklyn Nets,116
2022-01-01,Denver Nuggets,124,Houston Rockets,111
2022-01-01,Golden State Warriors,123,Utah Jazz,116
2022-01-02,New York Knicks,105,Toronto Raptors,120
2022-01-02,Orlando Magic,111,Boston Celtics,116
2022-01-02,Indiana Pacers,104,Cleveland Cavaliers,108
2022-01-02,Miami Heat,113,Sacramento Kings,115
2022-01-02,Phoenix Suns,133,Charlotte Hornets,99
2022-01-02,Dallas Mavericks,95,Oklahoma City Thunder,86
2022-01-02,Minnesota Timberwolves,103,Los Angeles Lakers,108
2022-01-03,Houston Rockets,113,Philadelphia 76ers,133
2022-01-03,Charlotte Hornets,121,Washington Wizards,124
2022-01-03,Memphis Grizzlies,118,Brooklyn Nets,104
2022-01-03,Orlando Magic,98,Chicago Bulls,102
2022-01-03,Detroit Pistons,115,Milwaukee Bucks,106
2022-01-03,Utah Jazz,115,New Orleans Pelicans,104
2022-01-03,Denver Nuggets,89,Dallas Mavericks,103
2022-01-03,Miami Heat,108,Golden State Warriors,115
2022-01-03,Atlanta Hawks,131,Portland Trail Blazers,136
2022-01-03,Minnesota Timberwolves,122,Los Angeles Clippers,104
2022-01-04,Memphis Grizzlies,110,Cleveland Cavaliers,106
2022-01-04,San Antonio Spurs,104,Toronto Raptors,129
2022-01-04,Indiana Pacers,94,New York Knicks,104
2022-01-04,Phoenix Suns,123,New Orleans Pelicans,110
2022-01-04,Sacramento Kings,114,Los Angeles Lakers,122
2022-01-05,Detroit Pistons,111,Charlotte Hornets,140
2022-01-05,Philadelphia 76ers,116,Orlando Magic,106
2022-01-05,Houston Rockets,114,Washington Wizards,111
2022-01-05,San Antonio Spurs,99,Boston Celtics,97
2022-01-05,Golden State Warriors,82,Dallas Mavericks,99
2022-01-05,Brooklyn Nets,129,Indiana Pacers,121
2022-01-05,Toronto Raptors,117,Milwaukee Bucks,111
2022-01-05,Oklahoma City Thunder,90,Minnesota Timberwolves,98
2022-01-05,Utah Jazz,115,Denver Nuggets,109
2022-01-05,Miami Heat,115,Portland Trail Blazers,109
2022-01-05,Atlanta Hawks,108,Sacramento Kings,102
2022-01-06,Boston Celtics,105,New York Knicks,108
2022-01-06,Detroit Pistons,88,Memphis Grizzlies,118
2022-01-06,Golden State Warriors,96,New Orleans Pelicans,101
2022-01-06,Los Angeles Clippers,89,Phoenix Suns,106
2022-01-07,San Antonio Spurs,100,Philadelphia 76ers,119
2022-01-07,Milwaukee Bucks,121,Brooklyn Nets,109
2022-01-07,Utah Jazz,108,Toronto Raptors,122
2022-01-07,Washington Wizards,122,Chicago Bulls,130
2022-01-07,Dallas Mavericks,130,Houston Rockets,106
2022-01-07,Minnesota Timberwolves,135,Oklahoma City Thunder,105
2022-01-07,Sacramento Kings,111,Denver Nuggets,121
2022-01-07,Atlanta Hawks,118,Los Angeles Lakers,134
2022-01-07,Cleveland Cavaliers,114,Portland Trail Blazers,101
2022-01-08,Memphis Grizzlies,123,Los Angeles Clippers,108
2022-01-08,Milwaukee Bucks,106,Charlotte Hornets,114
2022-01-08,Orlando Magic,92,Detroit Pistons,97
2022-01-08,Utah Jazz,113,Indiana Pacers,125
2022-01-08,New York Knicks,75,Boston Celtics,99
2022-01-08,Miami Heat,123,Phoenix Suns,100
2022-01-09,San Antonio Spurs,119,Brooklyn Nets,121
2022-01-09,Atlanta Hawks,93,Los Angeles Clippers,106
2022-01-09,Washington Wizards,102,Orlando Magic,100
2022-01-09,New Orleans Pelicans,101,Toronto Raptors,105
2022-01-09,Minnesota Timberwolves,141,Houston Rockets,123
2022-01-09,Denver Nuggets,99,Oklahoma City Thunder,95
2022-01-09,Chicago Bulls,99,Dallas Mavericks,113
2022-01-09,Cleveland Cavaliers,82,Golden State Warriors,96
2022-01-09,Sacramento Kings,88,Portland Trail Blazers,103
2022-01-09,Memphis Grizzlies,127,Los Angeles Lakers,119
2022-01-10,Milwaukee Bucks,99,Charlotte Hornets,103
2022-01-10,Utah Jazz,116,Detroit Pistons,126
2022-01-10,Indiana Pacers,98,Boston Celtics,101
2022-01-10,San Antonio Spurs,96,New York Knicks,111
2022-01-10,Philadelphia 76ers,111,Houston Rockets,91
2022-01-10,Brooklyn Nets,108,Portland Trail Blazers,114
2022-01-10,Cleveland Cavaliers,109,Sacramento Kings,108
2022-01-11,Oklahoma City Thunder,118,Washington Wizards,122
2022-01-11,Phoenix Suns,99,Toronto Raptors,95
2022-01-11,Detroit Pistons,87,Chicago Bulls,133
2022-01-11,Golden State Warriors,108,Memphis Grizzlies,116
2022-01-11,Minnesota Timberwolves,125,New Orleans Pelicans,128
2022-01-11,Denver Nuggets,85,Los Angeles Clippers,87
2022-01-12,Boston Celtics,119,Indiana Pacers,100
2022-01-12,Charlotte Hornets,109,Philadelphia 76ers,98
2022-01-12,Orlando Magic,106,Washington Wizards,112
2022-01-12,Miami Heat,115,Atlanta Hawks,91
2022-01-12,Dallas Mavericks,85,New York Knicks,108
2022-01-12,Houston Rockets,128,San Antonio Spurs,124
2022-01-12,Cleveland Cavaliers,111,Utah Jazz,91
2022-01-12,Brooklyn Nets,138,Chicago Bulls,112
2022-01-12,Los Angeles Lakers,116,Sacramento Kings,125
2022-01-13,Golden State Warriors,99,Milwaukee Bucks,118
2022-01-13,Minnesota Timberwolves,108,Memphis Grizzlies,116
2022-01-13,Los Angeles Clippers,89,New Orleans Pelicans,113
2022-01-13,Oklahoma City Thunder,130,Brooklyn Nets,109
2022-01-13,Portland Trail Blazers,108,Denver Nuggets,140
2022-01-14,Orlando Magic,116,Charlotte Hornets,109
2022-01-14,Toronto Raptors,87,Detroit Pistons,103
2022-01-14,Phoenix Suns,112,Indiana Pacers,94
2022-01-14,Boston Celtics,99,Philadelphia 76ers,111
2022-01-14,Golden State Warriors,138,Chicago Bulls,96
2022-01-14,Atlanta Hawks,118,Miami Heat,124
2022-01-14,Cleveland Cavaliers,114,San Antonio Spurs,109
2022-01-14,Dallas Mavericks,112,Memphis Grizzlies,85
2022-01-14,Houston Rockets,114,Sacramento Kings,126
2022-01-15,Toronto Raptors,103,Milwaukee Bucks,96
2022-01-15,Portland Trail Blazers,115,Washington Wizards,110
2022-01-15,New York Knicks,117,Atlanta Hawks,108
2022-01-15,New Orleans Pelicans,105,Brooklyn Nets,120
2022-01-15,Philadelphia 76ers,109,Miami Heat,98
2022-01-15,Cleveland Cavaliers,107,Oklahoma City Thunder,102
2022-01-15,Chicago Bulls,112,Boston Celtics,114
2022-01-15,Los Angeles Clippers,94,San Antonio Spurs,101
2022-01-15,Los Angeles Lakers,96,Denver Nuggets,133
2022-01-15,Orlando Magic,92,Dallas Mavericks,108
2022-01-16,Phoenix Suns,135,Detroit Pistons,108
2022-01-16,Houston Rockets,118,Sacramento Kings,112
2022-01-16,Utah Jazz,125,Denver Nuggets,102
2022-01-16,Golden State Warriors,99,Minnesota Timberwolves,119
2022-01-17,New Orleans Pelicans,92,Boston Celtics,104
2022-01-17,Charlotte Hornets,97,New York Knicks,87
2022-01-17,Philadelphia 76ers,98,Washington Wizards,117
2022-01-17,Brooklyn Nets,107,Cleveland Cavaliers,114
2022-01-17,Indiana Pacers,133,Los Angeles Clippers,139
2022-01-17,Chicago Bulls,106,Memphis Grizzlies,119
2022-01-17,Milwaukee Bucks,114,Atlanta Hawks,121
2022-01-17,Portland Trail Blazers,98,Orlando Magic,88
2022-01-17,Toronto Raptors,99,Miami Heat,104
2022-01-17,Oklahoma City Thunder,102,Dallas Mavericks,104
2022-01-17,Phoenix Suns,121,San Antonio Spurs,107
2022-01-17,Utah Jazz,95,Los Angeles Lakers,101
2022-01-18,Minnesota Timberwolves,112,New York Knicks,110
2022-01-18,Detroit Pistons,86,Golden State Warriors,102
2022-01-19,Orlando Magic,110,Philadelphia 76ers,123
2022-01-19,Brooklyn Nets,119,Washington Wizards,118
2022-01-19,Minnesota Timberwolves,122,Atlanta Hawks,134
2022-01-19,Charlotte Hornets,111,Boston Celtics,102
2022-01-19,Portland Trail Blazers,92,Miami Heat,104
2022-01-19,Cleveland Cavaliers,104,Chicago Bulls,117
2022-01-19,Memphis Grizzlies,114,Milwaukee Bucks,126
2022-01-19,Toronto Raptors,98,Dallas Mavericks,102
2022-01-19,Oklahoma City Thunder,96,San Antonio Spurs,118
2022-01-19,Houston Rockets,116,Utah Jazz,111
2022-01-19,Los Angeles Clippers,128,Denver Nuggets,130
2022-01-19,Detroit Pistons,133,Sacramento Kings,131
2022-01-19,Indiana Pacers,111,Los Angeles Lakers,104
2022-01-20,Phoenix Suns,109,Dallas Mavericks,101
2022-01-20,New Orleans Pelicans,102,New York Knicks,91
2022-01-20,Indiana Pacers,121,Golden State Warriors,117
2022-01-21,Oklahoma City Thunder,98,Charlotte Hornets,121
2022-01-21,Los Angeles Lakers,116,Orlando Magic,105
2022-01-21,Los Angeles Clippers,102,Philadelphia 76ers,101
2022-01-21,Miami Heat,108,Atlanta Hawks,110
2022-01-21,Portland Trail Blazers,109,Boston Celtics,105
2022-01-21,Chicago Bulls,90,Milwaukee Bucks,94
2022-01-21,Toronto Raptors,109,Washington Wizards,105
2022-01-21,Brooklyn Nets,117,San Antonio Spurs,102
2022-01-21,Memphis Grizzlies,122,Denver Nuggets,118
2022-01-21,Detroit Pistons,101,Utah Jazz,111
2022-01-21,Houston Rockets,103,Golden State Warriors,105
2022-01-22,Sacramento Kings,127,Milwaukee Bucks,133
2022-01-22,Oklahoma City Thunder,87,Cleveland Cavaliers,94
2022-01-22,Indiana Pacers,103,Phoenix Suns,113
2022-01-23,Los Angeles Clippers,102,New York Knicks,110
2022-01-23,Boston Celtics,116,Washington Wizards,87
2022-01-23,Los Angeles Lakers,107,Miami Heat,113
2022-01-23,Chicago Bulls,95,Orlando Magic,114
2022-01-23,Portland Trail Blazers,114,Toronto Raptors,105
2022-01-23,Atlanta Hawks,113,Charlotte Hornets,91
2022-01-23,Philadelphia 76ers,115,San Antonio Spurs,109
2022-01-23,Memphis Grizzlies,91,Dallas Mavericks,104
2022-01-23,Detroit Pistons,111,Denver Nuggets,117
2022-01-23,Brooklyn Nets,125,Minnesota Timberwolves,136
2022-01-23,Utah Jazz,92,Golden State Warriors,94
2022-01-24,New York Knicks,93,Cleveland Cavaliers,95
2022-01-24,Indiana Pacers,113,New Orleans Pelicans,117
2022-01-24,Chicago Bulls,111,Oklahoma City Thunder,110
2022-01-24,Utah Jazz,109,Phoenix Suns,115
2022-01-25,Denver Nuggets,110,Detroit Pistons,105
2022-01-25,New Orleans Pelicans,107,Philadelphia 76ers,117
2022-01-25,Charlotte Hornets,113,Toronto Raptors,125
2022-01-25,Los Angeles Clippers,116,Washington Wizards,115
2022-01-25,Sacramento Kings,75,Boston Celtics,128
2022-01-25,Los Angeles Lakers,106,Brooklyn Nets,96
2022-01-25,San Antonio Spurs,134,Houston Rockets,104
2022-01-25,Dallas Mavericks,92,Golden State Warriors,130
2022-01-25,Minnesota Timberwolves,109,Portland Trail Blazers,107
2022-01-26,Milwaukee Bucks,99,Cleveland Cavaliers,115
2022-01-26,Charlotte Hornets,158,Indiana Pacers,126
2022-01-26,Los Angeles Clippers,111,Orlando Magic,102
2022-01-26,Sacramento Kings,104,Atlanta Hawks,121
2022-01-26,New York Knicks,96,Miami Heat,110
2022-01-26,Denver Nuggets,124,Brooklyn Nets,118
2022-01-26,Toronto Raptors,105,Chicago Bulls,111
2022-01-26,Memphis Grizzlies,118,San Antonio Spurs,110
2022-01-26,Dallas Mavericks,132,Portland Trail Blazers,112
2022-01-26,Phoenix Suns,105,Utah Jazz,97
2022-01-27,Los Angeles Lakers,87,Philadelphia 76ers,105
2022-01-27,Minnesota Timberwolves,115,Golden State Warriors,124
2022-01-28,Detroit Pistons,103,Orlando Magic,119
2022-01-28,Boston Celtics,92,Atlanta Hawks,108
2022-01-28,Los Angeles Lakers,114,Charlotte Hornets,117
2022-01-28,Portland Trail Blazers,125,Houston Rockets,110
2022-01-28,Utah Jazz,109,Memphis Grizzlies,119
2022-01-28,Los Angeles Clippers,114,Miami Heat,121
2022-01-28,Denver Nuggets,116,New Orleans Pelicans,105
2022-01-28,Indiana Pacers,113,Oklahoma City Thunder,110
2022-01-28,Chicago Bulls,122,San Antonio Spurs,131
2022-01-28,Minnesota Timberwolves,124,Phoenix Suns,134
2022-01-28,New York Knicks,108,Milwaukee Bucks,123
2022-01-29,Indiana Pacers,105,Dallas Mavericks,132
2022-01-29,Boston Celtics,107,New Orleans Pelicans,97
2022-01-29,Sacramento Kings,101,Philadelphia 76ers,103
2022-01-29,Washington Wizards,95,Memphis Grizzlies,115
2022-01-29,Toronto Raptors,124,Miami Heat,120
2022-01-29,Brooklyn Nets,106,Golden State Warriors,110
2022-01-30,Los Angeles Lakers,121,Atlanta Hawks,129
2022-01-30,Los Angeles Clippers,115,Charlotte Hornets,90
2022-01-30,Portland Trail Blazers,116,Chicago Bulls,130
2022-01-30,Cleveland Cavaliers,105,Detroit Pistons,115
2022-01-30,Denver Nuggets,136,Milwaukee Bucks,100
2022-01-30,Dallas Mavericks,108,Orlando Magic,110
2022-01-30,Utah Jazz,106,Minnesota Timberwolves,126
2022-01-30,San Antonio Spurs,110,Phoenix Suns,115
2022-01-31,New Orleans Pelicans,90,Cleveland Cavaliers,93
2022-01-31,Los Angeles Clippers,116,Indiana Pacers,122
2022-01-31,Memphis Grizzlies,119,Philadelphia 76ers,122
2022-01-31,Toronto Raptors,106,Atlanta Hawks,100
2022-01-31,Miami Heat,92,Boston Celtics,122
2022-01-31,Sacramento Kings,96,New York Knicks,116
2022-01-31,Golden State Warriors,122,Houston Rockets,108
2022-01-31,Portland Trail Blazers,81,Oklahoma City Thunder,98
2021-12-01,Atlanta Hawks,114,Indiana Pacers,111
2021-12-01,Denver Nuggets,103,Orlando Magic,108
2021-12-01,Minnesota Timberwolves,107,Washington Wizards,115
2021-12-01,Philadelphia 76ers,87,Boston Celtics,88
2021-12-01,Cleveland Cavaliers,111,Miami Heat,85
2021-12-01,Charlotte Hornets,125,Milwaukee Bucks,127
2021-12-01,Dallas Mavericks,139,New Orleans Pelicans,107
2021-12-01,Houston Rockets,114,Oklahoma City Thunder,110
2021-12-01,Sacramento Kings,124,Los Angeles Clippers,115
2021-12-02,Chicago Bulls,119,New York Knicks,115
2021-12-02,Milwaukee Bucks,93,Toronto Raptors,97
2021-12-02,Oklahoma City Thunder,79,Memphis Grizzlies,152
2021-12-02,Detroit Pistons,103,Phoenix Suns,114
2021-12-02,San Antonio Spurs,114,Portland Trail Blazers,83
2021-12-03,Miami Heat,113,Indiana Pacers,104
2021-12-03,Cleveland Cavaliers,116,Washington Wizards,101
2021-12-03,Philadelphia 76ers,98,Atlanta Hawks,96
2021-12-03,Minnesota Timberwolves,105,Brooklyn Nets,110
2021-12-03,Orlando Magic,116,Houston Rockets,118
2021-12-03,New Orleans Pelicans,107,Dallas Mavericks,91
2021-12-03,Boston Celtics,130,Utah Jazz,137
2021-12-03,Phoenix Suns,96,Golden State Warriors,118
2021-12-03,Los Angeles Clippers,119,Los Angeles Lakers,115
2021-12-04,Denver Nuggets,113,New York Knicks,99
2021-12-04,Chicago Bulls,111,Brooklyn Nets,107
2021-12-04,Miami Heat,102,Milwaukee Bucks,124
2021-12-04,Memphis Grizzlies,97,Dallas Mavericks,90
2021-12-04,San Antonio Spurs,112,Golden State Warriors,107
2021-12-04,Boston Celtics,145,Portland Trail Blazers,117
2021-12-04,Los Angeles Clippers,99,Sacramento Kings,104
2021-12-05,Utah Jazz,109,Cleveland Cavaliers,108
2021-12-05,Charlotte Hornets,130,Atlanta Hawks,127
2021-12-05,Washington Wizards,90,Toronto Raptors,102
2021-12-05,New Orleans Pelicans,108,Houston Rockets,118
2021-12-06,Philadelphia 76ers,127,Charlotte Hornets,124
2021-12-06,Oklahoma City Thunder,114,Detroit Pistons,103
2021-12-06,Washington Wizards,110,Indiana Pacers,116
2021-12-06,Memphis Grizzlies,105,Miami Heat,90
2021-12-06,Denver Nuggets,97,Chicago Bulls,109
2021-12-06,Cleveland Cavaliers,104,Milwaukee Bucks,112
2021-12-06,Atlanta Hawks,121,Minnesota Timberwolves,110
2021-12-06,San Antonio Spurs,104,Phoenix Suns,108
2021-12-06,Orlando Magic,95,Golden State Warriors,126
2021-12-06,Los Angeles Clippers,102,Portland Trail Blazers,90
2021-12-07,Brooklyn Nets,102,Dallas Mavericks,99
2021-12-07,New York Knicks,121,San Antonio Spurs,109
2021-12-07,Boston Celtics,102,Los Angeles Lakers,117
2021-12-08,Philadelphia 76ers,110,Charlotte Hornets,106
2021-12-08,Chicago Bulls,92,Cleveland Cavaliers,115
2021-12-08,Washington Wizards,119,Detroit Pistons,116
2021-12-08,New York Knicks,102,Indiana Pacers,122
2021-12-08,Milwaukee Bucks,104,Miami Heat,113
2021-12-08,Oklahoma City Thunder,110,Toronto Raptors,109
2021-12-08,Brooklyn Nets,104,Houston Rockets,114
2021-12-08,Dallas Mavericks,104,Memphis Grizzlies,96
2021-12-08,Utah Jazz,136,Minnesota Timberwolves,104
2021-12-08,Denver Nuggets,120,New Orleans Pelicans,114
2021-12-08,Portland Trail Blazers,94,Golden State Warriors,104
2021-12-08,Orlando Magic,130,Sacramento Kings,142
2021-12-08,Boston Celtics,111,Los Angeles Clippers,114
2021-12-09,Utah Jazz,118,Philadelphia 76ers,96
2021-12-09,Los Angeles Lakers,95,Memphis Grizzlies,108
2021-12-09,Denver Nuggets,111,San Antonio Spurs,123
2021-12-10,Sacramento Kings,123,Charlotte Hornets,124
2021-12-10,Dallas Mavericks,93,Indiana Pacers,106
2021-12-10,Brooklyn Nets,113,Atlanta Hawks,105
2021-12-10,New York Knicks,87,Toronto Raptors,90
2021-12-10,Milwaukee Bucks,123,Houston Rockets,114
2021-12-10,Cleveland Cavaliers,123,Minnesota Timberwolves,106
2021-12-10,Detroit Pistons,93,New Orleans Pelicans,109
2021-12-10,Los Angeles Lakers,116,Oklahoma City Thunder,95
2021-12-10,Boston Celtics,90,Phoenix Suns,111
2021-12-11,Orlando Magic,104,Los Angeles Clippers,106
2021-12-11,Utah Jazz,123,Washington Wizards,98
2021-12-11,Sacramento Kings,103,Cleveland Cavaliers,117
2021-12-11,Houston Rockets,106,Memphis Grizzlies,113
2021-12-11,Chicago Bulls,92,Miami Heat,118
2021-12-11,Golden State Warriors,93,Philadelphia 76ers,102
2021-12-11,Denver Nuggets,127,San Antonio Spurs,112
2021-12-12,Milwaukee Bucks,112,New York Knicks,97
2021-12-12,Brooklyn Nets,116,Detroit Pistons,104
2021-12-12,Dallas Mavericks,103,Oklahoma City Thunder,84
2021-12-12,New Orleans Pelicans,97,San Antonio Spurs,112
2021-12-12,Minnesota Timberwolves,116,Portland Trail Blazers,111
2021-12-12,Orlando Magic,94,Los Angeles Lakers,106
2021-12-13,Miami Heat,94,Cleveland Cavaliers,105
2021-12-13,Golden State Warriors,102,Indiana Pacers,100
2021-12-13,Sacramento Kings,101,Toronto Raptors,124
2021-12-13,Houston Rockets,132,Atlanta Hawks,126
2021-12-13,Milwaukee Bucks,103,Boston Celtics,117
2021-12-13,Philadelphia 76ers,91,Memphis Grizzlies,126
2021-12-13,Charlotte Hornets,96,Dallas Mavericks,120
2021-12-13,Washington Wizards,107,Denver Nuggets,113
2021-12-13,Phoenix Suns,95,Los Angeles Clippers,111
2021-12-14,Toronto Raptors,129,Brooklyn Nets,131
2021-12-14,Golden State Warriors,105,New York Knicks,96
2021-12-14,Phoenix Suns,111,Portland Trail Blazers,107
2021-12-15,Houston Rockets,89,Cleveland Cavaliers,124
2021-12-15,Atlanta Hawks,111,Orlando Magic,99
2021-12-15,Miami Heat,101,Philadelphia 76ers,96
2021-12-15,Los Angeles Lakers,107,Dallas Mavericks,104
2021-12-15,Indiana Pacers,99,Milwaukee Bucks,114
2021-12-15,New Orleans Pelicans,113,Oklahoma City Thunder,110
2021-12-15,Charlotte Hornets,131,San Antonio Spurs,115
2021-12-15,Minnesota Timberwolves,124,Denver Nuggets,107
2021-12-15,Memphis Grizzlies,113,Portland Trail Blazers,103
2021-12-15,Washington Wizards,105,Sacramento Kings,119
2021-12-15,Los Angeles Clippers,103,Utah Jazz,124
2021-12-16,Detroit Pistons,113,Indiana Pacers,122
2021-12-16,Philadelphia 76ers,105,Brooklyn Nets,114
2021-12-16,New York Knicks,116,Houston Rockets,103
2021-12-16,Washington Wizards,98,Phoenix Suns,118
2021-12-17,Miami Heat,115,Orlando Magic,105
2021-12-17,Denver Nuggets,133,Atlanta Hawks,115
2021-12-17,Golden State Warriors,111,Boston Celtics,107
2021-12-17,Milwaukee Bucks,112,New Orleans Pelicans,116
2021-12-17,San Antonio Spurs,128,Utah Jazz,126
2021-12-17,Los Angeles Lakers,92,Minnesota Timberwolves,110
2021-12-17,Charlotte Hornets,116,Portland Trail Blazers,125
2021-12-17,Memphis Grizzlies,124,Sacramento Kings,105
2021-12-18,Houston Rockets,116,Detroit Pistons,107
2021-12-18,New York Knicks,107,Boston Celtics,114
2021-12-18,Orlando Magic,100,Brooklyn Nets,93
2021-12-18,Golden State Warriors,100,Toronto Raptors,119
2021-12-18,Los Angeles Clippers,103,Oklahoma City Thunder,104
2021-12-18,Cleveland Cavaliers,119,Milwaukee Bucks,90
2021-12-18,Washington Wizards,109,Utah Jazz,103
2021-12-19,Miami Heat,90,Detroit Pistons,100
2021-12-19,Portland Trail Blazers,105,Memphis Grizzlies,100
2021-12-19,San Antonio Spurs,114,Sacramento Kings,121
2021-12-19,Los Angeles Lakers,110,Chicago Bulls,115
2021-12-19,Dallas Mavericks,105,Minnesota Timberwolves,111
2021-12-19,Charlotte Hornets,106,Phoenix Suns,137
2021-12-20,Philadelphia 76ers,108,Boston Celtics,103
2021-12-20,Houston Rockets,118,Chicago Bulls,133
2021-12-20,Oklahoma City Thunder,102,Memphis Grizzlies,99
2021-12-20,Charlotte Hornets,102,Utah Jazz,112
2021-12-20,Sacramento Kings,98,Golden State Warriors,113
2021-12-20,San Antonio Spurs,116,Los Angeles Clippers,92
2021-12-21,Indiana Pacers,96,Miami Heat,125
2021-12-21,Detroit Pistons,91,New York Knicks,105
2021-12-21,Portland Trail Blazers,97,New Orleans Pelicans,111
2021-12-21,Minnesota Timberwolves,102,Dallas Mavericks,114
2021-12-21,Phoenix Suns,108,Los Angeles Lakers,90
2021-12-22,Orlando Magic,104,Atlanta Hawks,98
2021-12-22,Cleveland Cavaliers,101,Boston Celtics,111
2021-12-22,Houston Rockets,106,Milwaukee Bucks,126
2021-12-22,Denver Nuggets,94,Oklahoma City Thunder,108
2021-12-22,Los Angeles Clippers,105,Sacramento Kings,89
2021-12-23,Houston Rockets,106,Indiana Pacers,118
2021-12-23,New Orleans Pelicans,110,Orlando Magic,104
2021-12-23,Atlanta Hawks,98,Philadelphia 76ers,96
2021-12-23,Detroit Pistons,112,Miami Heat,115
2021-12-23,Washington Wizards,124,New York Knicks,117
2021-12-23,Milwaukee Bucks,102,Dallas Mavericks,95
2021-12-23,Charlotte Hornets,115,Denver Nuggets,107
2021-12-23,Oklahoma City Thunder,101,Phoenix Suns,113
2021-12-23,Minnesota Timberwolves,116,Utah Jazz,128
2021-12-23,Memphis Grizzlies,104,Golden State Warriors,113
2021-12-23,San Antonio Spurs,138,Los Angeles Lakers,110
2021-12-25,Atlanta Hawks,87,New York Knicks,101
2021-12-25,Boston Celtics,113,Milwaukee Bucks,117
2021-12-25,Golden State Warriors,116,Phoenix Suns,107
2021-12-25,Brooklyn Nets,122,Los Angeles Lakers,115
2021-12-25,Dallas Mavericks,116,Utah Jazz,120
2021-12-26,Orlando Magic,83,Miami Heat,93
2021-12-26,Toronto Raptors,99,Cleveland Cavaliers,144
2021-12-26,Memphis Grizzlies,127,Sacramento Kings,102
2021-12-26,Philadelphia 76ers,117,Washington Wizards,96
2021-12-26,New Orleans Pelicans,112,Oklahoma City Thunder,117
2021-12-26,Detroit Pistons,109,San Antonio Spurs,144
2021-12-26,Indiana Pacers,105,Chicago Bulls,113
2021-12-26,Denver Nuggets,103,Los Angeles Clippers,100
2021-12-27,Houston Rockets,99,Charlotte Hornets,123
2021-12-27,Chicago Bulls,130,Atlanta Hawks,118
2021-12-27,Boston Celtics,103,Minnesota Timberwolves,108
2021-12-27,Utah Jazz,110,San Antonio Spurs,104
2021-12-27,Memphis Grizzlies,114,Phoenix Suns,113
2021-12-27,Dallas Mavericks,132,Portland Trail Blazers,117
2021-12-27,Brooklyn Nets,124,Los Angeles Clippers,108
2021-12-28,Milwaukee Bucks,127,Orlando Magic,110
2021-12-28,Washington Wizards,112,Miami Heat,119
2021-12-28,Philadelphia 76ers,114,Toronto Raptors,109
2021-12-28,Los Angeles Lakers,132,Houston Rockets,123
2021-12-28,New York Knicks,96,Minnesota Timberwolves,88
2021-12-28,Cleveland Cavaliers,104,New Orleans Pelicans,108
2021-12-28,Denver Nuggets,89,Golden State Warriors,86
2021-12-28,Oklahoma City Thunder,111,Sacramento Kings,117
2021-12-29,New York Knicks,94,Detroit Pistons,85
2021-12-29,Charlotte Hornets,116,Indiana Pacers,108
2021-12-29,Los Angeles Clippers,91,Boston Celtics,82
2021-12-29,Atlanta Hawks,117,Chicago Bulls,131
2021-12-29,Los Angeles Lakers,99,Memphis Grizzlies,104
2021-12-29,Oklahoma City Thunder,97,Phoenix Suns,115
2021-12-29,Utah Jazz,120,Portland Trail Blazers,105
2021-12-29,Dallas Mavericks,94,Sacramento Kings,95
2021-12-30,Philadelphia 76ers,110,Brooklyn Nets,102
2021-12-30,Milwaukee Bucks,136,Orlando Magic,118
2021-12-30,Cleveland Cavaliers,93,Washington Wizards,110
2021-12-31,Phoenix Suns,108,Boston Celtics,123
2021-12-31,Chicago Bulls,108,Indiana Pacers,106
2021-12-31,Dallas Mavericks,112,Sacramento Kings,96
2021-12-31,Miami Heat,120,Houston Rockets,110
2021-12-31,Atlanta Hawks,121,Cleveland Cavaliers,118
2021-12-31,Los Angeles Clippers,108,Toronto Raptors,116
2021-12-31,San Antonio Spurs,105,Memphis Grizzlies,118
2021-12-31,New York Knicks,80,Oklahoma City Thunder,95
2021-12-31,Minnesota Timberwolves,108,Utah Jazz,120
2021-12-31,Portland Trail Blazers,106,Los Angeles Lakers,139
2021-11-01,Cleveland Cavaliers,113,Charlotte Hornets,110
2021-11-01,San Antonio Spurs,118,Indiana Pacers,131
2021-11-01,Portland Trail Blazers,103,Philadelphia 76ers,113
2021-11-01,Washington Wizards,111,Atlanta Hawks,118
2021-11-01,Chicago Bulls,128,Boston Celtics,114
2021-11-01,Toronto Raptors,113,New York Knicks,104
2021-11-01,Denver Nuggets,97,Memphis Grizzlies,106
2021-11-01,Orlando Magic,115,Minnesota Timberwolves,97
2021-11-01,Oklahoma City Thunder,94,Los Angeles Clippers,99
2021-11-02,Milwaukee Bucks,117,Detroit Pistons,89
2021-11-02,Miami Heat,125,Dallas Mavericks,110
2021-11-02,Sacramento Kings,113,Utah Jazz,119
2021-11-02,New Orleans Pelicans,100,Phoenix Suns,112
2021-11-02,Houston Rockets,117,Los Angeles Lakers,119
2021-11-03,Portland Trail Blazers,104,Cleveland Cavaliers,107
2021-11-03,New York Knicks,98,Indiana Pacers,111
2021-11-03,Boston Celtics,92,Orlando Magic,79
2021-11-03,Chicago Bulls,98,Philadelphia 76ers,103
2021-11-03,Toronto Raptors,109,Washington Wizards,100
2021-11-03,Atlanta Hawks,108,Brooklyn Nets,117
2021-11-03,Denver Nuggets,106,Memphis Grizzlies,108
2021-11-03,Los Angeles Clippers,126,Minnesota Timberwolves,115
2021-11-03,Dallas Mavericks,109,San Antonio Spurs,108
2021-11-03,Charlotte Hornets,92,Golden State Warriors,114
2021-11-03,New Orleans Pelicans,99,Sacramento Kings,112
2021-11-04,Philadelphia 76ers,109,Detroit Pistons,98
2021-11-04,Utah Jazz,116,Atlanta Hawks,98
2021-11-04,Boston Celtics,95,Miami Heat,78
2021-11-04,Houston Rockets,111,Phoenix Suns,123
2021-11-04,Oklahoma City Thunder,107,Los Angeles Lakers,104
2021-11-05,Brooklyn Nets,96,Detroit Pistons,90
2021-11-05,San Antonio Spurs,102,Orlando Magic,89
2021-11-05,Memphis Grizzlies,87,Washington Wizards,115
2021-11-05,New York Knicks,113,Milwaukee Bucks,98
2021-11-05,Cleveland Cavaliers,102,Toronto Raptors,101
2021-11-05,Los Angeles Clippers,104,Minnesota Timberwolves,84
2021-11-05,New Orleans Pelicans,85,Golden State Warriors,126
2021-11-05,Indiana Pacers,106,Portland Trail Blazers,110
2021-11-05,Charlotte Hornets,110,Sacramento Kings,140
2021-11-06,Houston Rockets,94,Denver Nuggets,95
2021-11-06,Utah Jazz,115,Miami Heat,118
2021-11-06,Philadelphia 76ers,114,Chicago Bulls,105
2021-11-06,Boston Celtics,104,Dallas Mavericks,107
2021-11-06,Atlanta Hawks,117,Phoenix Suns,121
2021-11-06,Los Angeles Lakers,90,Portland Trail Blazers,105
2021-11-07,Brooklyn Nets,116,Toronto Raptors,103
2021-11-07,Cleveland Cavaliers,126,New York Knicks,109
2021-11-07,Utah Jazz,100,Orlando Magic,107
2021-11-07,Indiana Pacers,94,Sacramento Kings,91
2021-11-07,Milwaukee Bucks,94,Washington Wizards,101
2021-11-07,San Antonio Spurs,94,Oklahoma City Thunder,99
2021-11-07,Houston Rockets,107,Golden State Warriors,120
2021-11-07,Charlotte Hornets,106,Los Angeles Clippers,120
2021-11-08,New York Knicks,103,Philadelphia 76ers,96
2021-11-08,Brooklyn Nets,95,Chicago Bulls,118
2021-11-08,Minnesota Timberwolves,118,Memphis Grizzlies,125
2021-11-08,New Orleans Pelicans,92,Dallas Mavericks,108
2021-11-08,Miami Heat,96,Denver Nuggets,113
2021-11-08,Atlanta Hawks,113,Golden State Warriors,127
2021-11-08,Phoenix Suns,109,Sacramento Kings,104
2021-11-08,Charlotte Hornets,123,Los Angeles Lakers,126
2021-11-09,Milwaukee Bucks,118,Philadelphia 76ers,109
2021-11-09,Atlanta Hawks,98,Utah Jazz,110
2021-11-09,Portland Trail Blazers,109,Los Angeles Clippers,117
2021-11-10,Washington Wizards,97,Cleveland Cavaliers,94
2021-11-10,Brooklyn Nets,123,Orlando Magic,90
2021-11-10,Toronto Raptors,88,Boston Celtics,104
2021-11-10,Detroit Pistons,112,Houston Rockets,104
2021-11-10,Milwaukee Bucks,112,New York Knicks,100
2021-11-10,Dallas Mavericks,107,Chicago Bulls,117
2021-11-10,Charlotte Hornets,118,Memphis Grizzlies,108
2021-11-10,Oklahoma City Thunder,108,New Orleans Pelicans,100
2021-11-10,Sacramento Kings,117,San Antonio Spurs,136
2021-11-10,Indiana Pacers,98,Denver Nuggets,101
2021-11-10,Portland Trail Blazers,109,Phoenix Suns,119
2021-11-10,Minnesota Timberwolves,110,Golden State Warriors,123
2021-11-10,Miami Heat,117,Los Angeles Lakers,120
2021-11-11,Toronto Raptors,115,Philadelphia 76ers,109
2021-11-11,Indiana Pacers,111,Utah Jazz,100
2021-11-11,Miami Heat,109,Los Angeles Clippers,112
2021-11-12,New York Knicks,96,Charlotte Hornets,104
2021-11-12,Milwaukee Bucks,113,Boston Celtics,122
2021-11-12,Detroit Pistons,78,Cleveland Cavaliers,98
2021-11-12,Portland Trail Blazers,104,Houston Rockets,92
2021-11-12,Phoenix Suns,119,Memphis Grizzlies,94
2021-11-12,Brooklyn Nets,120,New Orleans Pelicans,112
2021-11-12,Sacramento Kings,103,Oklahoma City Thunder,105
2021-11-12,Dallas Mavericks,123,San Antonio Spurs,109
2021-11-12,Atlanta Hawks,96,Denver Nuggets,105
2021-11-12,Chicago Bulls,93,Golden State Warriors,119
2021-11-12,Minnesota Timberwolves,107,Los Angeles Lakers,83
2021-11-13,Miami Heat,111,Utah Jazz,105
2021-11-13,Philadelphia 76ers,113,Indiana Pacers,118
2021-11-13,Memphis Grizzlies,101,New Orleans Pelicans,112
2021-11-13,Washington Wizards,104,Orlando Magic,92
2021-11-13,Detroit Pistons,127,Toronto Raptors,121
2021-11-13,Boston Celtics,89,Cleveland Cavaliers,91
2021-11-13,Minnesota Timberwolves,102,Los Angeles Clippers,129
2021-11-14,San Antonio Spurs,106,Los Angeles Lakers,114
2021-11-14,Milwaukee Bucks,100,Atlanta Hawks,120
2021-11-14,Golden State Warriors,102,Charlotte Hornets,106
2021-11-14,Phoenix Suns,115,Houston Rockets,89
2021-11-14,Brooklyn Nets,120,Oklahoma City Thunder,96
2021-11-14,Portland Trail Blazers,95,Denver Nuggets,124
2021-11-14,Chicago Bulls,100,Los Angeles Clippers,90
2021-11-15,Boston Celtics,98,Cleveland Cavaliers,92
2021-11-15,Sacramento Kings,129,Detroit Pistons,107
2021-11-15,New Orleans Pelicans,100,Washington Wizards,105
2021-11-15,Orlando Magic,111,Atlanta Hawks,129
2021-11-15,Indiana Pacers,84,New York Knicks,92
2021-11-15,Denver Nuggets,101,Dallas Mavericks,111
2021-11-15,Houston Rockets,102,Memphis Grizzlies,136
2021-11-15,Phoenix Suns,99,Minnesota Timberwolves,96
2021-11-15,Miami Heat,103,Oklahoma City Thunder,90
2021-11-15,Toronto Raptors,113,Portland Trail Blazers,118
2021-11-15,Chicago Bulls,121,Los Angeles Lakers,103
2021-11-16,Golden State Warriors,117,Brooklyn Nets,99
2021-11-16,Philadelphia 76ers,85,Utah Jazz,120
2021-11-16,San Antonio Spurs,92,Los Angeles Clippers,106
2021-11-17,Washington Wizards,87,Charlotte Hornets,97
2021-11-17,Indiana Pacers,89,Detroit Pistons,97
2021-11-17,Boston Celtics,99,Atlanta Hawks,110
2021-11-17,Cleveland Cavaliers,99,Brooklyn Nets,109
2021-11-17,New Orleans Pelicans,98,Miami Heat,113
2021-11-17,Los Angeles Lakers,102,Milwaukee Bucks,109
2021-11-17,Orlando Magic,104,New York Knicks,98
2021-11-17,Sacramento Kings,97,Minnesota Timberwolves,107
2021-11-17,Houston Rockets,89,Oklahoma City Thunder,101
2021-11-17,Dallas Mavericks,98,Phoenix Suns,105
2021-11-17,Chicago Bulls,107,Portland Trail Blazers,112
2021-11-18,Golden State Warriors,104,Cleveland Cavaliers,89
2021-11-18,Washington Wizards,97,Miami Heat,112
2021-11-18,Los Angeles Clippers,108,Memphis Grizzlies,120
2021-11-18,San Antonio Spurs,90,Minnesota Timberwolves,115
2021-11-18,Philadelphia 76ers,103,Denver Nuggets,89
2021-11-18,Toronto Raptors,103,Utah Jazz,119
2021-11-19,Indiana Pacers,118,Charlotte Hornets,121
2021-11-19,Golden State Warriors,105,Detroit Pistons,102
2021-11-19,Los Angeles Lakers,108,Boston Celtics,130
2021-11-19,Orlando Magic,113,Brooklyn Nets,115
2021-11-19,Oklahoma City Thunder,89,Milwaukee Bucks,96
2021-11-19,Los Angeles Clippers,81,New Orleans Pelicans,94
2021-11-19,Chicago Bulls,114,Denver Nuggets,108
2021-11-19,Dallas Mavericks,104,Phoenix Suns,112
2021-11-19,Toronto Raptors,108,Sacramento Kings,89
2021-11-20,Houston Rockets,99,New York Knicks,106
2021-11-20,New Orleans Pelicans,94,Indiana Pacers,111
2021-11-20,Miami Heat,100,Washington Wizards,103
2021-11-20,Charlotte Hornets,105,Atlanta Hawks,115
2021-11-20,Oklahoma City Thunder,105,Boston Celtics,111
2021-11-20,Orlando Magic,108,Milwaukee Bucks,117
2021-11-20,Memphis Grizzlies,95,Minnesota Timberwolves,138
2021-11-20,Philadelphia 76ers,111,Portland Trail Blazers,118
2021-11-20,Utah Jazz,123,Sacramento Kings,105
2021-11-21,Dallas Mavericks,91,Los Angeles Clippers,97
2021-11-21,Los Angeles Lakers,121,Detroit Pistons,116
2021-11-21,New York Knicks,103,Chicago Bulls,109
2021-11-21,Denver Nuggets,97,Phoenix Suns,126
2021-11-21,Toronto Raptors,104,Golden State Warriors,119
2021-11-22,Brooklyn Nets,117,Cleveland Cavaliers,112
2021-11-22,Charlotte Hornets,109,Washington Wizards,103
2021-11-22,Oklahoma City Thunder,101,Atlanta Hawks,113
2021-11-22,Houston Rockets,90,Boston Celtics,108
2021-11-22,Indiana Pacers,109,Chicago Bulls,77
2021-11-22,Orlando Magic,92,Milwaukee Bucks,123
2021-11-22,Minnesota Timberwolves,110,New Orleans Pelicans,96
2021-11-22,Phoenix Suns,115,San Antonio Spurs,111
2021-11-22,Memphis Grizzlies,119,Utah Jazz,118
2021-11-22,Philadelphia 76ers,102,Sacramento Kings,94
2021-11-23,Miami Heat,100,Detroit Pistons,92
2021-11-23,Los Angeles Lakers,100,New York Knicks,106
2021-11-23,Denver Nuggets,100,Portland Trail Blazers,119
2021-11-23,Dallas Mavericks,112,Los Angeles Clippers,104
2021-11-24,Phoenix Suns,120,Cleveland Cavaliers,115
2021-11-24,Los Angeles Lakers,124,Indiana Pacers,116
2021-11-24,Charlotte Hornets,106,Orlando Magic,99
2021-11-24,Brooklyn Nets,123,Boston Celtics,104
2021-11-24,Chicago Bulls,113,Houston Rockets,118
2021-11-24,Toronto Raptors,126,Memphis Grizzlies,113
2021-11-24,Detroit Pistons,93,Milwaukee Bucks,114
2021-11-24,Miami Heat,101,Minnesota Timberwolves,113
2021-11-24,Washington Wizards,102,New Orleans Pelicans,127
2021-11-24,Utah Jazz,110,Oklahoma City Thunder,104
2021-11-24,Atlanta Hawks,124,San Antonio Spurs,106
2021-11-24,Philadelphia 76ers,96,Golden State Warriors,116
2021-11-24,Portland Trail Blazers,121,Sacramento Kings,125
2021-11-26,Detroit Pistons,96,Los Angeles Clippers,107
2021-11-26,Minnesota Timberwolves,115,Charlotte Hornets,133
2021-11-26,Phoenix Suns,118,New York Knicks,97
2021-11-26,Chicago Bulls,123,Orlando Magic,88
2021-11-26,Toronto Raptors,97,Indiana Pacers,114
2021-11-26,Atlanta Hawks,132,Memphis Grizzlies,100
2021-11-26,Washington Wizards,101,Oklahoma City Thunder,99
2021-11-26,Boston Celtics,88,San Antonio Spurs,96
2021-11-26,Milwaukee Bucks,120,Denver Nuggets,109
2021-11-26,New Orleans Pelicans,98,Utah Jazz,97
2021-11-26,Portland Trail Blazers,103,Golden State Warriors,118
2021-11-26,Sacramento Kings,141,Los Angeles Lakers,137
2021-11-27,Minnesota Timberwolves,121,Philadelphia 76ers,120
2021-11-27,New York Knicks,99,Atlanta Hawks,90
2021-11-27,Phoenix Suns,113,Brooklyn Nets,107
2021-11-27,Miami Heat,107,Chicago Bulls,104
2021-11-27,Orlando Magic,92,Cleveland Cavaliers,105
2021-11-27,Charlotte Hornets,143,Houston Rockets,146
2021-11-27,Washington Wizards,120,Dallas Mavericks,114
2021-11-27,New Orleans Pelicans,105,Utah Jazz,127
2021-11-28,Golden State Warriors,105,Los Angeles Clippers,90
2021-11-28,Milwaukee Bucks,118,Indiana Pacers,100
2021-11-28,Sacramento Kings,101,Memphis Grizzlies,128
2021-11-28,Boston Celtics,109,Toronto Raptors,97
2021-11-28,Detroit Pistons,106,Los Angeles Lakers,110
2021-11-29,Orlando Magic,96,Philadelphia 76ers,101
2021-11-29,Denver Nuggets,120,Miami Heat,111
2021-11-29,Charlotte Hornets,119,Chicago Bulls,133
2021-11-29,Oklahoma City Thunder,89,Houston Rockets,102
2021-11-29,Indiana Pacers,98,Minnesota Timberwolves,100
2021-11-29,Cleveland Cavaliers,114,Dallas Mavericks,96
2021-11-29,Washington Wizards,99,San Antonio Spurs,116
2021-11-29,Portland Trail Blazers,107,Utah Jazz,129
2021-11-29,New Orleans Pelicans,123,Los Angeles Clippers,104
2021-11-30,New York Knicks,110,Brooklyn Nets,112
2021-11-30,Memphis Grizzlies,98,Toronto Raptors,91
2021-11-30,Golden State Warriors,96,Phoenix Suns,104
2021-11-30,Detroit Pistons,92,Portland Trail Blazers,110
2021-11-30,Los Angeles Lakers,117,Sacramento Kings,92
